SKU,Model,Collection,Material,Shape,Size,Colors
4200,21102,Candy Shoppe,Acetate,ROUND,50- 20- 145,3
4207,21186,Candy Shoppe,Acetate,AVIATOR,55- 18- 145,3
4201,28017,Candy Shoppe,Acetate,CATEYE,54- 17- 145,1
4211,39061,Candy Shoppe,Acetate,ROUND,53- 21- 145,1
1150,7710,Peachtree,Metal,OVAL,50- 18- 140,3
1238,7713,Peachtree,Metal,RECTANGLE,49- 19- 140,3
1484,7719,Peachtree,Metal,OVAL,54- 19- 145,3
1737,7730,Peachtree,Metal,OVAL,53- 19- 145,3
2146,AG 5003,Artistik Galerie,Metal,ROUND,51- 19- 140,2
2140,AG 5010,Artistik Galerie,Metal,CATEYE,49- 20- 145,2
2274,AG 5014,Artistik Galerie,Metal,ROUND,48- 21- 145,1
2354,AG 5020,Artistik Galerie,Metal,SQUARE,48- 19- 140,3
2393,AG 5023,Artistik Galerie,Metal,CATEYE,52- 20- 145,2
2426,AG 5026,Artistik Galerie,Metal,ROUND,48- 20- 140,3
3641,AG 5027,Artistik Galerie,Metal,RECTANGLE,50- 18- 145,2
3669,AG 5030,Artistik Galerie,Metal,OTHER,49- 20- 135,3
3670,AG 5031,Artistik Galerie,Metal,OTHER,50- 17- 140,3
3674,AG 5032,Artistik Galerie,Metal,CATEYE,47- 20- 135,3
3568,AGO 1005,AGO,Acetate,SQUARE,48- 21- 140,2
3567,AGO 1006,AGO,Acetate,SQUARE,49- 20- 145,2
3518,AGO 1008,AGO,Metal,OTHER,50- 22- 145,1
3526,AGO 1009,AGO,Acetate,ROUND,47- 22- 155,1
3533,AGO 1010,AGO,Metal,ROUND,49- 21- 145,2
3807,AGO 1023,AGO,Metal,SQUARE,48- 21- 140,3
3822,AGO 1024,AGO,Metal,SQUARE,51- 20- 145,3
3823,AGO 1025,AGO,Metal,ROUND,49- 20- 140,3
3824,AGO 1026,AGO,Metal,CATEYE,50- 19- 140,3
3996,AGO 1029,AGO,Metal,ROUND,49- 20- 140,3
3601,AGOT 700,AGO,Metal,ROUND,50- 19- 145,1
3603,AGOT 702,AGO,Metal,ROUND,50- 19- 150,3
3605,AGOT 704,AGO,Metal,SQUARE,52- 16- 150,4
4603,ALAN,EYELEOS,Acetate,SQUARE,52- 17- 140,3
4592,ALBERT,EYELEOS,Acetate,ROUND,49- 19- 140,5
2328,ALEX,Millennial,Metal,CATEYE,48- 19- 140,2
1960,AMBER,Millennial,Injection,RECTANGLE,51- 17- 135,2
4304,ANGEL,Millennial,Plastic,CATEYE,51- 16- 140,3
2448,ANNA,Millennial,Injection,CATEYE,52- 17- 140,3
2151,ART 312,Artistik Eyewear,Metal,RECTANGLE,54- 17- 145,2
2136,ART 317,Artistik Eyewear,Metal,RECTANGLE,53- 17- 135,2
2222,ART 320,Artistik Eyewear,Acetate,SQUARE,52- 18- 150,1
2227,ART 322,Artistik Eyewear,Metal,ROUND,50- 20- 150,1
2246,ART 323,Artistik Eyewear,Metal,ROUND,47- 18- 140,2
2247,ART 324,Artistik Eyewear,Metal,AVIATOR,50- 19- 145,3
2273,ART 325,Artistik Eyewear,Metal,RECTANGLE,53- 16- 145,1
2359,ART 351,Artistik Eyewear,Metal,AVIATOR,51- 18- 145,3
2159,ART 413,Artistik Eyewear,Acetate,RECTANGLE,58- 15- 145,1
2161,ART 415,Artistik Eyewear,Acetate,OVAL,49- 21- 145,1
2378,ART 417,Artistik Eyewear,Metal,ROUND,50- 19- 140,3
2379,ART 418,Artistik Eyewear,Metal,SQUARE,53- 16- 145,3
2394,ART 419,Artistik Eyewear,Acetate,SQUARE,54- 19- 145,3
4597,BERTHA,EYELEOS,Metal,ROUND,48- 18- 140,2
3590,CHAT,Millennial,Injection,RECTANGLE,52- 17- 140,3
4599,CLAUDETTE,EYELEOS,Acetate,ROUND,53- 18- 140,3
4351,CO1112,Candy Shoppe,Acetate,CATEYE,52- 18- 145,2
4353,CO1113,Candy Shoppe,Acetate,SQUARE,51- 20- 145,3
4350,CO1144,Candy Shoppe,Acetate,CATEYE,51- 18- 150,1
1926,COLLEGE,Millennial,Injection,ROUND,50- 18- 145,3
4670,CS5134,Candy Shoppe,"","",52- 19- 145,4
4667,CS88937,Candy Shoppe,"","",53- 17- 140,3
4668,CS88945,Candy Shoppe,"","",53- 17- 140,4
4669,CS97278,Candy Shoppe,"","",49- 19- 140,4
4671,CSG018,Candy Shoppe,"","",53- 17- 145,4
4672,CSG030,Candy Shoppe,"","",52- 16- 145,3
1614,DC 50,Di Caprio,Acetate,RECTANGLE,53- 17- 140,3
1743,DC 72,Di Caprio,Metal,OVAL,50- 17- 135,1
1879,DC 86,Di Caprio,Metal,RECTANGLE,47- 17- 135,3
1979,DC 97,Di Caprio,Metal,RECTANGLE,49- 17- 130,2
1990,DC102,Di Caprio,Acetate,OVAL,48- 15- 125,2
1985,DC107,Di Caprio,Acetate,OTHER,55- 15- 145,3
2008,DC109,Di Caprio,Metal,RECTANGLE,51- 17- 140,1
2094,DC110,Di Caprio,Metal,RECTANGLE,52- 18- 145,2
2095,DC121,Di Caprio,Metal,RECTANGLE,48- 17- 135,2
2075,DC125,Di Caprio,Acetate,RECTANGLE,55- 18- 145,2
2195,DC140,Di Caprio,Plastic,AVIATOR,54- 16- 140,2
2224,DC143,Di Caprio,Metal,ROUND,49- 19- 135,1
2314,DC158,Di Caprio,Metal,AVIATOR,55- 20- 140,2
2460,DC170,Di Caprio,Metal,CATEYE,52- 17- 140,2
3702,DC179,Di Caprio,Metal,ROUND,49- 21- 140,3
3794,DC182,Di Caprio,Metal,SQUARE,53- 17- 145,2
3803,DC184,Di Caprio,Acetate,SQUARE,55- 18- 145,3
3809,DC186,Di Caprio,Acetate,ROUND,49- 18- 140,3
3875,DC188,Di Caprio,Metal,ROUND,51- 16- 145,2
3936,DC189,Di Caprio,Metal,AVIATOR,48- 17- 140,3
3934,DC193,Di Caprio,Plastic,AVIATOR,53- 16- 145,3
3965,DC194,Di Caprio,Metal,CATEYE,51- 18- 140,1
3968,DC197,Di Caprio,Metal,OTHER,51- 19- 140,1
3969,DC198,Di Caprio,Metal,ROUND,55- 18- 145,1
4000,DC205,Di Caprio,Metal,CATEYE,54- 17- 140,3
4024,DC210,Di Caprio,Acetate,OVAL,51- 19- 145,4
4028,DC211,Di Caprio,Metal,ROUND,49- 21- 140,1
4027,DC214,Di Caprio,Acetate,RECTANGLE,56- 17- 150,3
4068,DC215,Di Caprio,Acetate,ROUND,48- 19- 140,2
4071,DC216,Di Caprio,Metal,OTHER,48- 21- 140,2
4072,DC217,Di Caprio,Acetate,OTHER,49- 20- 145,1
4074,DC218,Di Caprio,Metal,ROUND,48- 19- 145,1
4073,DC219,Di Caprio,Acetate,SQUARE,55- 19- 150,1
4147,DC220,Di Caprio,Acetate,RECTANGLE,54- 19- 145,2
4154,DC222,Di Caprio,Metal,OTHER,48- 20- 145,1
4177,DC223,Di Caprio,Metal,OVAL,52- 20- 145,3
4178,DC224,Di Caprio,Acetate,ROUND,50- 22- 145,3
4179,DC225,Di Caprio,Acetate,RECTANGLE,53- 19- 145,3
4180,DC226,Di Caprio,Metal,OVAL,51- 19- 145,3
4181,DC227,Di Caprio,Acetate,SQUARE,53- 19- 145,3
4219,DC228,Di Caprio,Metal,CATEYE,52- 16- 140,3
4223,DC230,Di Caprio,Metal,RECTANGLE,53- 18- 145,3
4226,DC231,Di Caprio,Metal,CATEYE,53- 17- 140,3
4358,DC232,Di Caprio,Metal,SQUARE,52- 20- 145,3
4390,DC233,Di Caprio,Acetate,RECTANGLE,56- 18- 150,3
4391,DC234,Di Caprio,Acetate,OVAL,49- 17- 135,3
4409,DC235,Di Caprio,Plastic,RECTANGLE,57- 18- 140,3
4410,DC236,Di Caprio,Acetate,ROUND,49- 19- 145,3
4467,DC237,Di Caprio,Metal,OTHER,56- 17- 145,3
4468,DC238,Di Caprio,Metal,SQUARE,56- 17- 145,3
4469,DC239,Di Caprio,Metal,OVAL,54- 16- 140,3
4523,DC240,Di Caprio,Metal,RECTANGLE,55- 17- 145,3
4525,DC241,Di Caprio,Acetate,OVAL,52- 15- 140,3
4526,DC242,Di Caprio,Acetate,SQUARE,53- 18- 145,3
4572,DC243,Di Caprio,Metal,"",49- 21- 140,3
4573,DC244,Di Caprio,Metal,"",56- 17- 145,3
4589,DC245,Di Caprio,Acetate,SQUARE,51- 17- 145,3
4609,DC246,Di Caprio / New Releases,Metal,"",56- 15- 145,3
4681,DC247,Di Caprio / New Releases,Acetate,"",45- 24- 140,3
4682,DC248,Di Caprio / New Releases,Acetate,"",48- 16- 135,3
4721,DC249,Di Caprio / New Releases,Metal,"",56- 18- 145,3
4726,DC250,Di Caprio / New Releases,Metal,"",50- 20- 145,3
4727,DC251,Di Caprio / New Releases,Metal,"",51- 19- 145,3
4728,DC252,Di Caprio / New Releases,Metal,"",52- 18- 145,3
2088,DC308,Di Caprio,Metal,RECTANGLE,52- 17- 140,1
2432,DC327,Di Caprio,Metal,CATEYE,51- 17- 135,2
2459,DC329,Di Caprio,Metal,CATEYE,52- 17- 140,3
2480,DC330,Di Caprio,Metal,ROUND,48- 21- 150,2
3797,DC335,Di Caprio,Acetate,OTHER,48- 20- 145,1
3800,DC336,Di Caprio,Acetate,SQUARE,56- 18- 145,1
3883,DC341,Di Caprio,Metal,ROUND,46- 24- 145,2
3963,DC345,Di Caprio,Metal,ROUND,48- 20- 145,3
3964,DC346,Di Caprio,Acetate,OVAL,52- 17- 140,3
3973,DC348,Di Caprio,Metal,OTHER,46- 19- 145,2
4034,DC350,Di Caprio,Acetate,ROUND,50- 18- 140,3
4035,DC352,Di Caprio,Acetate,ROUND,50- 20- 145,3
4036,DC353,Di Caprio,Metal,AVIATOR,57- 16- 150,3
4069,DC354,Di Caprio,Acetate,SQUARE,55- 17- 150,3
4070,DC355,Di Caprio,Acetate,SQUARE,50- 18- 145,3
4132,DC360,Di Caprio,Acetate,SQUARE,48- 22- 140,3
4134,DC361,Di Caprio,Acetate,CATEYE,54- 16- 140,2
4135,DC362,Di Caprio,Acetate,RECTANGLE,53- 19- 145,2
4136,DC363,Di Caprio,Acetate,SQUARE,50- 18- 145,3
4140,DC365,Di Caprio,Metal,CATEYE,54- 17- 140,2
4144,DC367,Di Caprio,Acetate,ROUND,51- 20- 145,1
4145,DC368,Di Caprio,Acetate,CATEYE,54- 17- 145,3
4173,DC369,Di Caprio,Metal,OTHER,53- 17- 140,3
4174,DC370,Di Caprio,Acetate,SQUARE,52- 17- 140,3
4176,DC371,Di Caprio,Acetate,ROUND,47- 24- 140,3
4217,DC372,Di Caprio,Metal,SQUARE,52- 19- 145,3
4218,DC373,Di Caprio,Acetate,CATEYE,54- 16- 145,2
4344,DC374,Di Caprio,Acetate,ROUND,48- 18- 145,3
4359,DC375,Di Caprio,Acetate,SQUARE,57- 21- 150,3
4360,DC376,Di Caprio,Metal,ROUND,53- 18- 140,2
4362,DC378,Di Caprio,Metal,RECTANGLE,56- 18- 145,3
4392,DC379,Di Caprio,Acetate,ROUND,53- 17- 140,1
4393,DC380,Di Caprio,Acetate,RECTANGLE,53- 17- 145,2
4394,DC381,Di Caprio,Acetate,ROUND,53- 17- 145,3
4411,DC382,Di Caprio,Acetate,ROUND,50- 21- 145,3
4412,DC383,Di Caprio,Acetate,CATEYE,50- 19- 140,3
4448,DC384,Di Caprio,Acetate,RECTANGLE,49- 22- 145,3
4449,DC385,Di Caprio,Acetate,ROUND,48- 19- 145,3
4470,DC386,Di Caprio,Acetate,SQUARE,55- 18- 145,3
4471,DC387,Di Caprio,Acetate,CATEYE,53- 16- 145,3
4472,DC388,Di Caprio,Acetate,SQUARE,52- 19- 145,3
4522,DC389,Di Caprio,Metal,CATEYE,53- 17- 140,3
4586,DC390,Di Caprio / New Releases,Acetate,SQUARE,55- 18- 150,3
4587,DC391,Di Caprio / New Releases,Metal,SQUARE,56- 17- 150,3
4588,DC392,Di Caprio / New Releases,Acetate,OVAL,54- 18- 140,3
4590,DC393,Di Caprio / New Releases,Metal,ROUND,51- 17- 140,3
4591,DC394,Di Caprio / New Releases,Acetate,"",54- 14- 145,3
4676,DC395,Di Caprio / New Releases,Acetate,"",50- 19- 145,3
4677,DC396,Di Caprio / New Releases,Acetate,"",53- 16- 140,3
4678,DC397,Di Caprio / New Releases,Acetate,"",52- 21- 150,3
4679,DC398,Di Caprio / New Releases,Acetate,"",52- 15- 145,3
4680,DC399,Di Caprio / New Releases,Acetate,"",51- 22- 145,3
4183,DC400 CLIP,Di Caprio,Acetate,SQUARE,51- 19- 145,3
4184,DC401 CLIP,Di Caprio,Acetate,RECTANGLE,50- 17- 140,2
4186,DC403 CLIP,Di Caprio,Acetate,SQUARE,52- 16- 145,3
4716,DC404,Di Caprio / New Releases,Acetate,SQUARE,53- 17- 145,3
4719,DC405,Di Caprio / New Releases,Acetate,ROUND,49- 19- 140,3
4720,DC406,Di Caprio / New Releases,Acetate,"",55- 18- 145,3
4730,DC407,Di Caprio / New Releases,Acetate,CATEYE,52- 16- 140,3
4080,DC502,Di Caprio,Metal,AVIATOR,53- 17- 145,2
4081,DC503,Di Caprio,Metal,ROUND,49- 20- 145,1
4082,DC504,Di Caprio,Metal,OTHER,49- 21- 145,2
4084,DC506,Di Caprio,Metal,RECTANGLE,53- 19- 145,2
4131,DC508,Di Caprio,Metal,AVIATOR,49- 21- 145,1
4141,DC509,Di Caprio,Metal,AVIATOR,51- 21- 145,2
2292,DOWNLOAD,Millennial,Injection,OVAL,49- 18- 135,3
1964,ERIC,Millennial,Acetate,RECTANGLE,51- 17- 140,2
4606,ES SIMON,EYELEOS,Acetate,ROUND,46- 23- 145,5
2059,EVAN,Millennial,Plastic,SQUARE,55- 17- 140,2
4474,EXTRA,Millennial,Injection,"",54- 18- 145,3
3582,FIT-OVER 684,Prorx,"",ROUND,X-Large,2
3583,FIT-OVER 700,Prorx,"",ROUND,X-Large,2
4473,FOMO,Millennial,Injection,"",52- 20- 145,3
1244,FRASER,Versailles Palace,Metal,RECTANGLE,48- 19- 140,1
1356,FX 3,Flexure,Memory,OVAL,50- 20- 145,3
1359,FX 4,Flexure,Memory,OVAL,48- 20- 145,3
1438,FX 6,Flexure,Memory,OVAL,53- 20- 145,3
1440,FX 8,Flexure,Memory,RECTANGLE,53- 19- 145,3
1465,FX10,Flexure,Memory,AVIATOR,55- 17- 145,3
2128,FX101,Flexure,Memory,RECTANGLE,55- 18- 140,3
2130,FX103,Flexure,Memory,AVIATOR,57- 18- 145,3
2131,FX104,Flexure,Memory,RECTANGLE,55- 19- 145,2
2269,FX107,Flexure,Memory,AVIATOR,57- 17- 145,3
2478,FX110,Flexure,Memory,RECTANGLE,55- 17- 145,3
2479,FX111,Flexure,Memory,CATEYE,52- 17- 140,2
3986,FX114,Flexure,Memory,SQUARE,52- 18- 140,3
4307,FX115,Flexure,Memory,SQUARE,53- 18- 145,3
4308,FX116,Flexure,Memory,RECTANGLE,58- 20- 150,3
4309,FX117,Flexure,Memory,SQUARE,56- 18- 145,3
4310,FX118,Flexure,Memory,ROUND,51- 18- 140,3
4311,FX119,Flexure,Memory,OVAL,52- 16- 140,3
4570,FX120,Flexure,Memory,"",55- 15- 145,3
4571,FX121,Flexure,Memory,"",55- 18- 145,3
1617,FX19,Flexure,Memory,"",42- 18- 120,2
1618,FX20,Flexure,Memory,OVAL,52- 17- 140,2
1620,FX22,Flexure,Memory,RECTANGLE,55- 19- 140,3
1723,FX27,Flexure,Memory,AVIATOR,53- 19- 145,3
1724,FX28,Flexure,Memory,RECTANGLE,52- 18- 145,3
1753,FX30,Flexure,Memory,RECTANGLE,54- 18- 140,2
2322,GARY,Millennial,Plastic,"",55- 16- 145,3
2038,GENIUS,Millennial,Injection,RECTANGLE,51- 17- 145,1
4123,GIF,Millennial,Injection,ROUND,52- 16- 145,3
4125,GOALS,Millennial,Plastic,RECTANGLE,54- 16- 145,3
1087,GOLDEN,Versailles Palace,Metal,ROUND,49- 20- 140,3
2306,GR 801,Grande,Metal,RECTANGLE,59- 18- 150,3
2310,GR 803,Grande,Metal,AVIATOR,61- 17- 150,2
2477,GR 811,Grande,Metal,RECTANGLE,58- 19- 150,2
3876,GR 815,Grande,Acetate,RECTANGLE,58- 19- 150,3
4015,GR 817,Grande,Metal,RECTANGLE,61- 16- 150,2
4067,GR 818,Grande,Acetate,RECTANGLE,58- 19- 155,3
4030,GR 820,Grande,Metal,RECTANGLE,61- 18- 150,1
4122,GR 821,Grande,Metal,RECTANGLE,58- 18- 150,3
4220,GR 822,Grande,Plastic,RECTANGLE,61- 20- 155,3
4221,GR 823,Grande,Metal,RECTANGLE,59- 20- 155,1
4356,GR 824,Grande,Acetate,"",58- 20- 150,3
4453,GR 825,Grande,Acetate,SQUARE,59- 18- 155,3
4454,GR 826,Grande,Metal,AVIATOR,57- 17- 150,3
4718,GR 827,Grande / New Releases,Metal,AVIATOR,59- 18- 150,3
4729,GR 829,Grande / New Releases,Plastic,"",58- 18- 150,3
1876,HALF COURT,Prorx,Plastic,OVAL,45- 18- 120,1
2349,HARLEY,Millennial,Metal,ROUND,49- 20- 140,1
4593,HARVEY,EYELEOS,Acetate,SQUARE,53- 16- 140,7
2418,HASHTAG #,Millennial,Injection,ROUND,47- 22- 140,3
4598,ISAAC,EYELEOS,Acetate,"",53- 16- 145,3
2323,JAMES,Millennial,Plastic,RECTANGLE,55- 16- 145,2
1908,JOYCE,Millennial,Injection,"",47- 15- 130,2
1958,JUNIOR,Millennial,Injection,"",43- 16- 125,3
4602,KLARA,EYELEOS,Acetate,ROUND,48- 21- 140,8
1128,LILAC,Peachtree,Metal,OVAL,49- 18- 130,3
4124,LIT,Millennial,Injection,ROUND,49- 20- 140,2
4596,LIU,EYELEOS,Metal,AVIATOR,53- 17- 145,4
3588,LOL,Millennial,Injection,ROUND,48- 19- 140,2
4605,MALALA,EYELEOS,Acetate,ROUND,45- 23- 145,4
4601,MARSHA,EYELEOS,Acetate,"",54- 16- 140,6
4126,MAX,Millennial,Plastic,RECTANGLE,56- 18- 150,3
4195,MB1194,Candy Shoppe,Acetate,CATEYE,52- 18- 145,2
3551,MF90001,AGO,Metal,"",52- 18- 142,2
3527,MF90007,AGO,Metal,"",50- 20- 145,1
3529,MF90009,AGO,Metal,"",51- 20- 145,1
3517,MF90011,AGO,Metal,"",50- 18- 145,2
4157,ML 1,Millennial,Injection,ROUND,48- 19- 140,2
4159,ML 3,Millennial,Injection,RECTANGLE,53- 19- 145,2
4160,ML 4,Millennial,Injection,SQUARE,50- 20- 145,1
4637,ML 5,Millennial / New Releases,Injection,"",54- 17- 145,3
4638,ML 6,Millennial / New Releases,Injection,"",55- 16- 145,3
4639,ML 7,Millennial / New Releases,Injection,"",57- 16- 145,3
4683,ML 8,Millennial / New Releases,Injection,"",51- 18- 145,3
4595,NUJOOD,EYELEOS,Acetate,ROUND,52- 16- 145,3
975,OLIVE,Peachtree,Metal,AVIATOR,56- 19- 140,2
3589,OMG,Millennial,Injection,ROUND,48- 21- 140,2
2290,ONLINE,Millennial,Injection,SQUARE,53- 17- 145,3
911,PALM,Peachtree,Metal,AVIATOR,54- 16- 135,3
4065,PAR103,Millennial,Plastic,RECTANGLE,53- 18- 140,2
4066,PAR105,Millennial,Plastic,OVAL,56- 20- 140,2
4133,PARTY,Millennial,Injection,ROUND,52- 17- 135,3
1023,PEACH,Peachtree,Metal,OVAL,50- 19- 140,3
4475,PERF,Millennial,Injection,"",56- 16- 145,3
4306,PETER,Millennial,Plastic,RECTANGLE,50- 16- 140,3
3538,PF80001,AGO,Acetate,"",49- 21- 145,2
3539,PF80007,AGO,Acetate,"",51- 23- 145,3
2271,PLAY BALL,Prorx,Plastic,OVAL,Medium,1
1874,PROTECH,Prorx,Plastic,OVAL,55- 20- 120,1
1056,PT 42,Peachtree,Metal,"",51- 20- 140,1
1075,PT 45,Peachtree,Metal,AVIATOR,53- 17- 135,2
1138,PT 48,Peachtree,Metal,ROUND,54- 19- 140,3
1240,PT 55,Peachtree,Metal,AVIATOR,54- 20- 140,3
1241,PT 56,Peachtree,Metal,RECTANGLE,53- 16- 140,3
1525,PT 68,Peachtree,Metal,RECTANGLE,53- 18- 145,3
1531,PT 69,Peachtree,Metal,SQUARE,54- 19- 145,3
1533,PT 70,Peachtree,Metal,"",48- 18- 135,2
1674,PT 71,Peachtree,Metal,RECTANGLE,53- 18- 145,3
1736,PT 78,Peachtree,Metal,RECTANGLE,53- 19- 145,3
2026,PT 84,Peachtree,Metal,RECTANGLE,42- 17- 125,3
2027,PT 85,Peachtree,Metal,RECTANGLE,52- 18- 140,3
2028,PT 86,Peachtree,Metal,RECTANGLE,50- 18- 135,2
2030,PT 88,Peachtree,Metal,RECTANGLE,52- 20- 140,3
2263,PT 90,Peachtree,Metal,OVAL,50- 18- 130,3
2266,PT 92,Peachtree,Metal,RECTANGLE,54- 18- 145,3
2264,PT 93,Peachtree,Metal,RECTANGLE,52- 17- 135,3
2265,PT 94,Peachtree,Metal,ROUND,48- 19- 135,2
2427,PT 95,Peachtree,Metal,OVAL,48- 19- 135,3
2453,PT 96,Peachtree,Metal,ROUND,45- 18- 130,3
2454,PT 97,Peachtree,Metal,RECTANGLE,46- 16- 130,3
2465,PT 98,Peachtree,Metal,AVIATOR,55- 16- 145,2
3811,PT 99,Peachtree,Metal,RECTANGLE,42- 16- 125,3
3812,PT100,Peachtree,Metal,RECTANGLE,51- 16- 140,3
3813,PT101,Peachtree,Metal,CATEYE,51- 17- 140,3
3814,PT102,Peachtree,Metal,AVIATOR,57- 16- 150,3
3930,PT103,Peachtree,Metal,RECTANGLE,51- 19- 140,3
3985,PT104,Peachtree,Metal,OVAL,54- 17- 145,3
4094,PT105,Peachtree,Metal,OVAL,52- 17- 140,3
4095,PT106,Peachtree,Metal,SQUARE,54- 17- 145,3
4096,PT107,Peachtree,Metal,SQUARE,55- 17- 145,2
4097,PT108,Peachtree,Metal,OVAL,50- 21- 145,3
4101,PT109,Peachtree,Metal,ROUND,48- 19- 140,3
4099,PT110,Peachtree,Metal,AVIATOR,53- 18- 140,3
4165,PT111,Peachtree,Metal,OTHER,46- 18- 130,2
4451,PT112,Peachtree,Metal,"",52- 17- 140,3
4452,PT113,Peachtree,Metal,"",51- 17- 135,3
3815,PT202,Peachtree,Metal,RECTANGLE,54- 18- 145,3
3816,PT203,Peachtree,Metal,RECTANGLE,53- 18- 140,3
4098,PT204,Peachtree,Metal,OVAL,54- 17- 140,3
4100,PT206,Peachtree,Metal,CATEYE,54- 17- 145,3
4166,PT207,Peachtree,Metal,RECTANGLE,54- 17- 145,3
4168,PT209,Peachtree,Metal,RECTANGLE,56- 17- 150,3
4684,PT210,New Releases / Peachtree,Metal,"",54- 17- 145,3
4725,PT212,New Releases / Peachtree,Metal,"",44- 17- 130,2
4117,RAD,Millennial,Injection,SQUARE,55- 16- 145,3
4004,READ 2,Prorx,Injection,"",100,1
1448,RENAISSANCE,Versailles Palace,Metal,OVAL,54- 19- 140,3
1877,RIDE PRORX,Prorx,Plastic,OTHER,79- 13- 125,1
4305,ROBERT,Millennial,Plastic,SQUARE,53- 17- 145,3
547,S1,4U,Plastic,AVIATOR,49- 19- 145,2
2278,SAFETY 26,Prorx,Plastic,"",Large,1
2277,SAFETY 65,Prorx,Plastic,"",58- 17- 130,1
3801,SIMON,Millennial,Plastic,SQUARE,52- 18- 145,3
4612,SL101,SIMPLY LITE,Metal,"",55- 15- 145,2
4613,SL102,SIMPLY LITE,Metal,"",55- 17- 145,2
4614,SL103,SIMPLY LITE,Metal,OVAL,52- 17- 140,2
4615,SL104,SIMPLY LITE,Metal,"",57- 18- 150,2
4616,SL105,SIMPLY LITE,Metal,"",55- 18- 140,2
4617,SL106,SIMPLY LITE,Metal,"",55- 16- 145,2
4618,SL107,SIMPLY LITE,Metal,"",56- 18- 145,2
4619,SL108,SIMPLY LITE,Metal,"",51- 17- 140,2
4620,SL109,SIMPLY LITE,Metal,OVAL,53- 17- 135,2
4621,SL110,SIMPLY LITE,Metal,"",58- 19- 150,2
4622,SL111,SIMPLY LITE,Metal,ROUND,50- 18- 140,2
4623,SL112,SIMPLY LITE,Metal,"",50- 17- 135,2
4624,SL113,SIMPLY LITE,Metal,"",53- 17- 140,2
4625,SL114,SIMPLY LITE,Metal,"",54- 18- 145,2
4626,SL115,SIMPLY LITE,Metal,"",52- 17- 140,2
4640,SL116,SIMPLY LITE,Metal,"",50- 18- 140,2
2482,SL701,SIMPLY LITE,Metal,RECTANGLE,51- 18- 140,1
2483,SL702,SIMPLY LITE,Metal,ROUND,52- 18- 140,1
2484,SL703,SIMPLY LITE,Metal,RECTANGLE,55- 18- 140,1
2486,SL705,SIMPLY LITE,Metal,ROUND,49- 18- 140,1
2487,SL706,SIMPLY LITE,Metal,RECTANGLE,53- 18- 140,1
2488,SL707,SIMPLY LITE,Metal,SQUARE,50- 18- 140,1
4187,SL901,SIMPLY LITE,Metal,OTHER,50- 19- 140,1
4188,SL902,SIMPLY LITE,Metal,OVAL,51- 19- 140,1
4189,SL903,SIMPLY LITE,Metal,SQUARE,52- 19- 140,1
4190,SL904,SIMPLY LITE,Metal,ROUND,54- 19- 140,1
4191,SL905,SIMPLY LITE,Metal,RECTANGLE,53- 19- 140,1
4192,SL906,SIMPLY LITE,Metal,ROUND,50- 19- 140,1
4193,SL907,SIMPLY LITE,Metal,RECTANGLE,52- 19- 140,1
296,SLIMFOLD 1,Slimfold,Metal,"",44- 22- 135,4
298,SLIMFOLD 3,Slimfold,Metal,"",47- 21- 135,5
408,SLIMFOLD 5,Slimfold,Metal,"",53- 20- 135,5
407,SLIMFOLD CASE 1-3,Slimfold,Metal,"",1,5
3592,STORY,Millennial,Injection,RECTANGLE,48- 16- 135,2
4600,SYLVIA,EYELEOS,Acetate,ROUND,48- 20- 140,3
1828,T 17,Trendy,Plastic,"",45- 18- 135,2
2125,T 23,Trendy,Acetate,RECTANGLE,45- 16- 125,2
2184,T 27,Trendy,Plastic,ROUND,37- 15- 120,3
2185,T 28,Trendy,Plastic,ROUND,42- 15- 125,3
2186,T 29,Trendy,Plastic,OVAL,43- 15- 125,3
2187,T 30,Trendy,Plastic,RECTANGLE,48- 16- 125,3
2467,T 31,Trendy,Plastic,ROUND,48- 16- 130,3
2468,T 32,Trendy,Plastic,ROUND,49- 15- 140,2
2469,T 33,Trendy,Plastic,RECTANGLE,48- 16- 130,3
2470,T 34,Trendy,Plastic,ROUND,48- 17- 130,3
4301,T 35,Trendy,Plastic,RECTANGLE,48- 16- 130,3
4302,T 36,Trendy,Plastic,RECTANGLE,48- 16- 130,3
4303,T 37,Trendy,Plastic,ROUND,46- 16- 125,3
4723,T 38,New Releases / Trendy,Metal,"",46- 17- 135,3
4724,T 39,New Releases / Trendy,Plastic,"",43- 17- 130,2
3685,TF 1,Trendy,Plastic,OVAL,34- 16- 115,4
3683,TF 2,Trendy,Plastic,ROUND,36- 15- 115,4
3686,TF 3,Trendy,Plastic,OVAL,38- 15- 120,4
3687,TF 4,Trendy,Plastic,RECTANGLE,40- 15- 125,4
3688,TF 5,Trendy,Plastic,ROUND,42- 16- 128,4
3781,TF 6,Trendy,Plastic,RECTANGLE,44- 16- 135,4
2217,TWEET,Millennial,Injection,RECTANGLE,42- 15- 125,2
1181,U 13,4U,Injection,OVAL,44- 20- 140,1
1922,U 200,4U,Injection,RECTANGLE,52- 20- 140,2
1925,U 201,4U,Injection,OVAL,51- 16- 140,3
2080,U 202,4U,Injection,RECTANGLE,49- 16- 130,3
2081,U 203,4U,Injection,ROUND,49- 18- 135,3
2166,U 204,4U,Injection,OVAL,52- 16- 135,3
2168,U 205,4U,Injection,RECTANGLE,48- 18- 140,3
2167,U 206,4U,Injection,OVAL,51- 16- 135,2
2188,U 207,4U,Injection,RECTANGLE,50- 17- 140,3
2189,U 208,4U,Injection,OVAL,49- 15- 140,3
2450,U 209,4U,Injection,CATEYE,52- 16- 140,3
1189,U 21,4U,Injection,RECTANGLE,50- 18- 145,2
2449,U 210,4U,Injection,ROUND,48- 20- 140,4
2452,U 211,4U,Injection,SQUARE,56- 18- 150,2
2451,U 212,4U,Injection,CATEYE,51- 17- 140,3
3664,U 213,4U,Injection,RECTANGLE,49- 16- 130,3
3665,U 214,4U,Injection,SQUARE,51- 17- 140,3
3892,U 215,4U,Injection,RECTANGLE,55- 15- 145,3
3886,U 216,4U,Injection,ROUND,55- 17- 140,3
4110,U 217,4U,Injection,AVIATOR,56- 15- 145,3
4111,U 218,4U,Injection,ROUND,55- 18- 145,3
4112,U 219,4U,Injection,CATEYE,52- 16- 145,3
4666,U 220,4U / New Releases,Injection,ROUND,50- 19- 140,3
1260,U 23,4U,Injection,RECTANGLE,48- 20- 140,3
1641,U 32,4U,Injection,RECTANGLE,50- 19- 140,2
1645,U 33,4U,Injection,RECTANGLE,50- 15- 140,2
1646,U 34,4U,Injection,RECTANGLE,52- 18- 140,3
1644,U 35,4U,Injection,"",52- 17- 140,2
1643,U 36,4U,Injection,OVAL,52- 18- 140,3
1658,U 38,4U,Injection,RECTANGLE,54- 18- 140,3
1657,U 39,4U,Injection,RECTANGLE,51- 17- 140,2
1776,U 40,4U,Injection,OVAL,48- 18- 140,3
1777,U 41,4U,Injection,OVAL,54- 16- 145,3
1923,U 47,4U,Injection,RECTANGLE,55- 13- 140,1
1787,UL 90,4U,Injection,OVAL,51- 18- 135,3
1788,UL 91,4U,Injection,OVAL,52- 20- 140,2
1789,UL 92,4U,Injection,OVAL,54- 18- 140,2
1783,UM 70,4U,Injection,OVAL,52- 22- 140,3
1785,UM 72,4U,Injection,AVIATOR,55- 18- 140,2
1786,UM 73,4U,Injection,AVIATOR,54- 18- 140,3
1790,UM 74,4U,Injection,OVAL,51- 22- 140,1
2036,UNIVERSITY,Millennial,Injection,SQUARE,52- 20- 145,3
3787,UP 303,4U,Injection,SQUARE,51- 20- 145,3
3818,UP 305,4U,Injection,OTHER,46- 21- 140,3
3819,UP 306,4U,Injection,CATEYE,51- 17- 140,3
3820,UP 307,4U,Injection,CATEYE,52- 16- 140,3
3971,UP 308,4U,Injection,RECTANGLE,54- 18- 145,3
3989,UP 310,4U,Injection,CATEYE,51- 18- 140,3
4045,UP 312,4U,Injection,CATEYE,52- 18- 140,3
4046,UP 313,4U,Injection,CATEYE,55- 17- 145,3
4113,UP 314,4U,Injection,CATEYE,53- 17- 145,3
4114,UP 315,4U,Injection,CATEYE,54- 15- 145,1
4115,UP 316,4U,Injection,CATEYE,55- 16- 145,3
4119,UP 318,4U,Injection,CATEYE,52- 16- 145,3
4118,UP 319,4U,Injection,CATEYE,51- 18- 145,3
4155,UP 320,4U,Injection,CATEYE,50- 20- 145,3
4156,UP 321,4U,Injection,ROUND,49- 22- 145,3
4413,UP 322,4U,Injection,SQUARE,51- 22- 145,3
4455,UP 323,4U,Injection,CATEYE,52- 18- 145,3
4456,UP 324,4U,Injection,ROUND,52- 17- 145,3
4457,UP 325,4U,Injection,OVAL,52- 22- 145,3
4476,UP 326,4U,Injection,RECTANGLE,57- 17- 150,3
4477,UP 327,4U,Injection,CATEYE,55- 17- 145,3
4478,UP 328,4U,Injection,ROUND,50- 19- 140,3
4479,UP 329,4U,Injection,RECTANGLE,53- 18- 145,3
4632,UP 330,4U / New Releases,Injection,"",54- 18- 145,3
4633,UP 331,4U / New Releases,Plastic,"",55- 16- 145,3
4634,UP 332,4U / New Releases,Plastic,"",56- 17- 145,3
4635,UP 333,4U / New Releases,Plastic,"",54- 18- 145,3
2215,UPLOAD,Millennial,Injection,RECTANGLE,47- 18- 135,2
1655,US 53,4U,Injection,RECTANGLE,51- 19- 140,3
1797,US 54,4U,Injection,OVAL,56- 17- 140,3
1798,US 55,4U,Injection,RECTANGLE,46- 15- 130,3
1799,US 56,4U,Injection,RECTANGLE,51- 18- 135,3
1801,US 58,4U,Injection,RECTANGLE,50- 16- 135,2
1802,US 59,4U,Injection,RECTANGLE,53- 16- 135,3
1803,US 60,4U,Injection,RECTANGLE,52- 18- 140,3
1804,US 61,4U,Injection,RECTANGLE,55- 17- 140,3
1921,US 63,4U,Injection,RECTANGLE,46- 13- 125,1
1948,US 68,4U,Injection,RECTANGLE,52- 18- 140,3
1955,US 69,4U,Injection,RECTANGLE,53- 17- 140,3
1956,US 70,4U,Injection,OVAL,52- 17- 135,3
2192,US 73,4U,Injection,RECTANGLE,53- 18- 145,3
2191,US 74,4U,Injection,OVAL,51- 17- 135,4
2190,US 75,4U,Injection,RECTANGLE,51- 17- 140,3
2210,US 77,4U,Injection,RECTANGLE,44- 16- 130,2
2211,US 78,4U,Injection,ROUND,44- 17- 130,3
2294,US 80,4U,Injection,RECTANGLE,51- 17- 140,3
2412,US 83,4U,Injection,RECTANGLE,53- 19- 145,4
2413,US 84,4U,Injection,OVAL,52- 18- 140,3
2414,US 85,4U,Injection,RECTANGLE,52- 19- 140,3
2415,US 86,4U,Injection,RECTANGLE,53- 18- 140,3
2446,US 88,4U,Injection,ROUND,50- 17- 140,3
2447,US 89,4U,Injection,CATEYE,53- 16- 140,3
2441,US 90,4U,Injection,RECTANGLE,48- 17- 145,3
2443,US 91,4U,Injection,SQUARE,57- 19- 155,3
2444,US 92,4U,Injection,ROUND,47- 17- 140,3
2445,US 93,4U,Injection,OVAL,45- 18- 130,3
3666,US 94,4U,Injection,CATEYE,54- 15- 140,3
2442,US 95,4U,Injection,ROUND,45- 16- 140,2
3802,US 97,4U,Injection,CATEYE,52- 16- 145,3
3667,US 98,4U,Injection,ROUND,49- 20- 145,3
3885,US100,4U,Injection,SQUARE,54- 19- 145,3
3887,US102,4U,Injection,SQUARE,51- 18- 145,3
3888,US103,4U,Injection,CATEYE,50- 17- 140,3
3890,US105,4U,Injection,RECTANGLE,52- 17- 145,3
3891,US106,4U,Injection,ROUND,48- 20- 145,4
3991,US107,4U,Injection,OVAL,48- 20- 140,4
3992,US108,4U,Injection,RECTANGLE,56- 18- 145,2
3993,US109,4U,Injection,CATEYE,50- 17- 140,3
3997,US110,4U,Injection,SQUARE,53- 19- 150,3
4085,US111,4U,Injection,ROUND,51- 19- 145,3
4086,US112,4U,Injection,RECTANGLE,52- 20- 145,3
4130,US114,4U,Injection,RECTANGLE,49- 15- 135,3
4120,US115,4U,Injection,RECTANGLE,50- 19- 140,4
4121,US116,4U,Injection,SQUARE,49- 18- 145,3
4127,US117,4U,Injection,ROUND,46- 18- 130,3
4128,US118,4U,Injection,ROUND,46- 16- 130,2
4129,US119,4U,Injection,RECTANGLE,47- 17- 130,3
4146,US120,4U,Injection,AVIATOR,54- 16- 145,3
4397,US121,4U,Injection,ROUND,45- 20- 140,3
4403,US122,4U,Injection,RECTANGLE,60- 17- 150,3
4404,US123,4U,Injection,SQUARE,54- 19- 145,3
4458,US124,4U,Injection,ROUND,50- 20- 145,3
4459,US125,4U,Injection,ROUND,50- 20- 140,3
4460,US126,4U,Injection,SQUARE,52- 20- 145,3
4463,US127,4U,Injection,OVAL,54- 18- 145,3
4462,US128,4U,Injection,SQUARE,51- 20- 145,3
4461,US129,4U,Injection,CATEYE,50- 20- 145,3
4662,US130,4U / New Releases,Injection,ROUND,56- 17- 145,3
4663,US131,4U / New Releases,Injection,AVIATOR,53- 20- 150,3
4664,US132,4U / New Releases,Injection,ROUND,51- 21- 145,3
4665,US133,4U / New Releases,Injection,SQUARE,52- 19- 145,3
4685,US134,4U / New Releases,Injection,"",50- 22- 140,3
3663,USTP5,4U,Injection,"",56- 18- 150,1
4347,VA6004,Candy Shoppe,Acetate,CATEYE,53- 19- 145,2
1270,VP 106,Versailles Palace,Metal,"",49- 20- 140,1
1483,VP 111,Versailles Palace,Metal,RECTANGLE,53- 17- 140,3
1553,VP 113,Versailles Palace,Metal,"",45- 19- 140,3
1817,VP 126,Versailles Palace,Metal,AVIATOR,55- 18- 145,3
2040,VP 131,Millennial,Plastic,OVAL,51- 18- 145,3
2249,VP 134,Versailles Palace,Metal,AVIATOR,54- 20- 145,2
1239,VP 18,Versailles Palace,Metal,"",41- 19- 130,3
2134,VP 210,Versailles Palace,Metal,"",45- 15- 125,1
2171,VP 212,Versailles Palace,Metal,RECTANGLE,55- 18- 145,3
1451,VP 29,Versailles Palace,Metal,"",38- 18- 120,3
1522,VS 502,Versailles Palace,Metal,RECTANGLE,54- 20- 150,2
1535,VS 505,Versailles Palace,Metal,OVAL,50- 20- 140,3
976,WILLOW,Peachtree,Metal,OVAL,52- 20- 145,3
1081,WINDSOR,Versailles Palace,Metal,OVAL,51- 16- 140,3
